Name,Email Address,Company,Property Address,City,State,Country,Priority,Sales_Insights,Draft_Email
John Doe,john.doe@greystar.com,Greystar,123 Main St,Dallas,TX,USA,HIGH,"REAL ESTATE ANALYSIS: GREYSTAR AT 123 MAIN ST, DALLAS, TX

1. COMPANY INTRO
Greystar is a leading global real estate management and investment company specializing in the acquisition, development, and management of residential properties. They operate apartment communities and student housing across multiple countries, providing property management services, leasing, maintenance, and resident services.

2. COMPANY SIZE
Greystar is one of the largest privately-held real estate companies globally. Estimated metrics include:
- Total Assets Under Management: Approximately $300+ billion
- Properties Managed: 3,000+ residential communities
- Units Managed: 1.2+ million rental units
- Employees: 40,000+ staff worldwide
- Valuation: Estimated in the $50+ billion range
- Geographic Presence: United States, Europe, Latin America, and Asia-Pacific

3. PROPERTY SIZE/VALUE - DALLAS, TX
Dallas represents a strong secondary market for multifamily real estate. Properties at this tier typically range:
- Average Unit Value: $150,000-$250,000 per unit
- Typical Community Size: 200-400 units
- Property Value Range: $30 million-$100+ million depending on specific location within Dallas
- Tier Classification: Class A to Class B multifamily assets
- Market Position: Prime location on Main Street suggests downtown/urban core positioning, commanding premium rates

Note: Specific 123 Main St property details would require direct verification with local property records.","Subject: AI-Powered Leasing for Greystar's Scale

Hi John,

I've been following Greystar's impressive footprint—managing 1.2M+ units across 3,000+ communities globally is no small feat. That scale of leasing and resident communication creates a massive operational challenge.

Most property managers at your level are still handling resident inquiries and lease follow-ups manually or through disconnected systems. We built EliseAI specifically to solve this: our AI assistants handle leasing inquiries, lease questions, and resident communications 24/7—automatically qualifying prospects, answering FAQs, and routing complex issues to your team.

For a portfolio your size, even a 10-15% efficiency gain in leasing operations and resident response times translates to significant cost savings and faster move-ins.

Would you be open to a brief 15-minute call next week to explore how we're helping enterprise property managers automate their communication workflows?

Best,
[Your Name]
Sales Development Representative
EliseAI"
Jane Smith,jane@avalonbay.com,AvalonBay Communities,456 Market St,San Francisco,CA,USA,HIGH,"COMPANY ANALYSIS: AVALONBAY COMMUNITIES

1. COMPANY INTRO
AvalonBay Communities is a major multifamily residential real estate investment trust (REIT) that develops, owns, and operates apartment communities across the United States. The company specializes in luxury and upscale rental apartments, primarily targeting renters in high-demand metropolitan areas and coastal regions.

2. COMPANY SIZE
AvalonBay is one of the largest apartment REITs in the United States. The company manages approximately 80,000+ rental units across its portfolio. The company's market capitalization ranges from $25-30 billion USD. It operates properties in multiple states with significant presence in California, the Pacific Northwest, and Northeast regions.

3. PROPERTY SIZE/VALUE - SAN FRANCISCO LOCATION
San Francisco is one of AvalonBay's premium markets. Properties at this downtown Market Street location would be considered high-tier, luxury apartments. Estimated property values and rental rates are among the highest in the nation:
- Unit rental rates: $2,500-$4,500+ per month depending on configuration
- Property valuations: Likely in the $800 million to $1.2+ billion range for a significant portfolio property in this location
- Market tier: Premium/Luxury segment
- Building likely includes 200-500+ units with amenities typical of upscale urban developments","Subject: AI-Powered Leasing for AvalonBay's Premium Portfolio

Hi Jane,

I've been following AvalonBay's impressive expansion across high-value markets like San Francisco, and I noticed you're managing some of the nation's most premium multifamily properties—each commanding serious rental rates and resident expectations.

With 80,000+ units across your portfolio, your leasing and resident communication teams are likely juggling thousands of inquiries, applications, and follow-ups monthly. That's where EliseAI comes in.

Our AI assistants handle the repetitive heavy lifting—qualifying prospects, answering FAQs, scheduling tours, and managing resident requests—while your team focuses on relationship-building and closing deals. For a luxury operator like AvalonBay, this means faster leasing velocity, higher-quality prospect experiences, and significant operational efficiency gains across your properties.

I'd love to show you how we're helping similar enterprise operators automate their leasing workflows in 15 minutes.

Are you open to a brief conversation next week?

Best,
[Your Name]
EliseAI"
Bob Johnson,bob@smallprop.com,Bob's Local Rentals,789 Oak Ave,Springfield,IL,USA,LOW,"# Bob's Local Rentals - Property Analysis

## 1. Company Intro
Bob's Local Rentals is a local property management and rental company operating in the Springfield, Illinois area. Based on the name and structure, the company likely manages residential rental properties for individual owners or operates as a small-scale landlord offering rental units to tenants in the Springfield market.

## 2. Company Size
Without access to public records, this appears to be a small, locally-operated rental business. Estimated characteristics:
- Size: Small to medium local operator (likely 10-50 rental units based on ""Local Rentals"" designation)
- Total Worth: Estimated $1-5 million in managed/owned properties
- Units/Renters: Approximately 15-40 rental units under management
- Revenue Model: Likely relies on monthly rental income and property management fees

## 3. Property Size/Value
Springfield, Illinois property market overview:
- Market Tier: Middle to lower-middle market
- Estimated Property Values: $80,000-$200,000 for residential units
- Rental Range: $600-$1,200 monthly for typical residential rentals
- 789 Oak Ave appears to be a standard residential neighborhood property
- Property type likely: Single to multi-family residence
- Market Conditions: Springfield offers affordable rental opportunities compared to larger Illinois metros

Note: Precise data requires verification through property records, tax assessments, and MLS data.","Subject: Automating leasing for Bob's Local Rentals

Hi Bob,

I came across Bob's Local Rentals and noticed you're managing rental properties in the Springfield area. With a portfolio of 15-40 units, you're likely spending significant time on repetitive leasing calls, tenant inquiries, and follow-ups—work that eats into your day without adding much value.

That's exactly what EliseAI solves. Our AI assistants handle incoming leasing calls, screen prospective tenants, answer common resident questions, and schedule showings—24/7, without overhead. For local operators like yours, this means less time fielding calls and more time on what actually moves the business forward.

Given your operation size, automation could free up 5-10 hours per week and improve response times for prospects.

Would you be open to a brief 15-minute conversation to see if this fits your workflow?

Best,
[Your Name]
EliseAI"
